{
    "Plant Load": {
        "mean": 39800.63396435194,
        "std": 12316.696075658796,
        "min": -500.0001220703125,
        "max": 61851.9765625,
        "q25": 34715.8515625,
        "q50": 35250.875,
        "q75": 52028.25
    },
    "1st stage  Bed Level": {
        "mean": 4.376803754428613,
        "std": 0.9697536204285868,
        "min": -3.3219470977783203,
        "max": 8.214082717895508,
        "q25": 4.313284873962402,
        "q50": 4.554228782653809,
        "q75": 4.72985315322876
    },
    "2nd stage  Bed Level": {
        "mean": 4.055200782750218,
        "std": 0.9140492378633385,
        "min": -9.206936836242676,
        "max": 6.519212245941162,
        "q25": 4.040946006774902,
        "q50": 4.247464656829834,
        "q75": 4.429847717285156
    },
    "Interstage PDC": {
        "mean": 0.06749354957978125,
        "std": 0.1755956335726314,
        "min": -4.423409938812256,
        "max": 7.979703903198242,
        "q25": 0.0215537399053573,
        "q50": 0.0393140912055969,
        "q75": 0.053648117929697
    },
    "FBD Bed Temperature  at 3rd Panel": {
        "mean": 63.28087998129557,
        "std": 8.918791490459261,
        "min": 0.0,
        "max": 101.92658233642578,
        "q25": 59.74589538574219,
        "q50": 63.92904281616211,
        "q75": 68.99740600585938
    },
    "FBD Bed Temperature  at 5th Panel": {
        "mean": 69.92026059811526,
        "std": 13.290143341000073,
        "min": -120.6170883178711,
        "max": 92.98084259033205,
        "q25": 68.32992553710938,
        "q50": 73.23892211914062,
        "q75": 77.15967559814453
    },
    "FBD Bed Temperature  at 7th Panel": {
        "mean": 70.87589523557264,
        "std": 8.909981927610511,
        "min": 0.0,
        "max": 91.80119323730467,
        "q25": 68.58214569091797,
        "q50": 71.88003540039062,
        "q75": 74.9196548461914
    },
    "FBD Bed Temperature  at 10th Panel": {
        "mean": 66.64515599502188,
        "std": 8.589284187349437,
        "min": 0.0,
        "max": 94.98503112792967,
        "q25": 64.05628204345703,
        "q50": 68.55741882324219,
        "q75": 71.75399017333984
    },
    "FBD Bed Temperature  at 12th Panel": {
        "mean": 73.19827878027816,
        "std": 8.898372265526051,
        "min": 0.0,
        "max": 94.88067626953124,
        "q25": 71.61470794677734,
        "q50": 74.87742614746094,
        "q75": 77.689208984375
    },
    "FBD Bed Temperature  at 14th Panel": {
        "mean": 79.29333776750391,
        "std": 9.572924803884218,
        "min": 0.0,
        "max": 99.63590240478516,
        "q25": 78.39710998535156,
        "q50": 80.8553695678711,
        "q75": 83.45267486572266
    },
    "FBD Off Gas Temperature (1st stage)": {
        "mean": 54.44230092035014,
        "std": 7.375517959880821,
        "min": 0.0,
        "max": 97.09709167480467,
        "q25": 51.87617111206055,
        "q50": 55.127288818359375,
        "q75": 59.027610778808594
    },
    "FBD Off Gas Temperature (2nd stage)": {
        "mean": 69.26550648220807,
        "std": 8.397298028472198,
        "min": 0.0,
        "max": 93.00022888183594,
        "q25": 67.24295806884766,
        "q50": 70.96416473388672,
        "q75": 73.91570281982422
    },
    "Hot N2 Temperature (1st stage)": {
        "mean": 87.36331320625854,
        "std": 11.893352219754966,
        "min": 0.0,
        "max": 97.63330078125,
        "q25": 87.91497802734375,
        "q50": 91.73011016845705,
        "q75": 93.10237121582033
    },
    "Hot N2 Flow": {
        "mean": 11707.762681862605,
        "std": 2308.800573949931,
        "min": 0.0,
        "max": 15325.4423828125,
        "q25": 11878.810546875,
        "q50": 12266.267578125,
        "q75": 12394.720703125
    },
    "FBD Blower  B-4601 Current (A)": {
        "mean": 108.87468749026156,
        "std": 24.57348774782566,
        "min": -8.787775039672852,
        "max": 188.29937744140625,
        "q25": 105.85598754882812,
        "q50": 114.66447448730467,
        "q75": 120.4232177734375
    },
    "FBD Blower  B-4602 Current (A)": {
        "mean": 95.97415827784486,
        "std": 19.9084760430458,
        "min": -0.0640869140625,
        "max": 127.412109375,
        "q25": 94.9461669921875,
        "q50": 99.9080581665039,
        "q75": 104.8536148071289
    },
    "L-1 HC Concentration": {
        "mean": 5.050908229112815,
        "std": 1.4385818181152819,
        "min": -0.0026468492578715,
        "max": 10.616034507751465,
        "q25": 4.379784107208252,
        "q50": 5.088232517242432,
        "q75": 6.01601505279541
    },
    "L-1 Conveying Pressure": {
        "mean": 85.83308690865309,
        "std": 22.96399610971029,
        "min": -0.0971889197826385,
        "max": 143.51739501953125,
        "q25": 77.05622100830078,
        "q50": 84.09226989746094,
        "q75": 103.18390655517578
    },
    "Decanter A Current (A)": {
        "mean": 238.32008994480398,
        "std": 119.75976896861694,
        "min": -1.556396484375,
        "max": 592.4451293945312,
        "q25": 250.53872680664065,
        "q50": 285.6268920898437,
        "q75": 313.6366271972656
    },
    "Decanter B Current (A)": {
        "mean": 256.90877842956405,
        "std": 98.23280079372613,
        "min": -2.7903857231140137,
        "max": 473.3800659179688,
        "q25": 259.3612670898437,
        "q50": 288.8836669921875,
        "q75": 311.66461181640625
    },
    "Decanter C Current (A)": {
        "mean": 275.8185318701311,
        "std": 64.7512300934742,
        "min": -2.565896987915039,
        "max": 620.7903442382812,
        "q25": 260.7196655273437,
        "q50": 290.3389587402344,
        "q75": 310.2676086425781
    },
    "Decanter D Current (A)": {
        "mean": 279.09683152521984,
        "std": 70.77260984359785,
        "min": 0.0,
        "max": 463.48626708984375,
        "q25": 262.9296875,
        "q50": 297.02978515625,
        "q75": 316.2270812988281
    },
    "V-4607 Temperature": {
        "mean": 40.12602844562831,
        "std": 2.2732542038169115,
        "min": 0.0,
        "max": 48.82802963256836,
        "q25": 39.00249862670898,
        "q50": 39.72885894775391,
        "q75": 41.210975646972656
    },
    "V-4607 Level": {
        "mean": 33.38967950844848,
        "std": 12.726644895926121,
        "min": 0.0,
        "max": 94.99526977539062,
        "q25": 27.081974029541016,
        "q50": 33.09983825683594,
        "q75": 33.09983825683594
    },
    "V-4607 Pressure": {
        "mean": 21.2444038382372,
        "std": 7.5708893957570496,
        "min": -12.55629539489746,
        "max": 213.8051300048828,
        "q25": 16.497621536254883,
        "q50": 23.26674461364746,
        "q75": 25.04022789001465
    },
    "P-4612A Current (A)": {
        "mean": 58.962749012305245,
        "std": 28.662120681061865,
        "min": -0.4644409716129303,
        "max": 139.2385711669922,
        "q25": 69.54557037353516,
        "q50": 71.1162338256836,
        "q75": 75.17999267578125
    },
    "P-4612B Current (A)": {
        "mean": 29.799991569669483,
        "std": 33.20925044579623,
        "min": -4.53643798828125,
        "max": 239.1387176513672,
        "q25": 7.50732421875,
        "q50": 7.562220096588135,
        "q75": 73.01296997070312
    },
    "C-4601 Level": {
        "mean": 39.28990225815341,
        "std": 8.555256506944911,
        "min": -114.34619140625,
        "max": 99.14387512207033,
        "q25": 37.61701965332031,
        "q50": 40.04020690917969,
        "q75": 44.88987350463867
    },
    "C-4601 Top Temperature": {
        "mean": 21.376107136602254,
        "std": 3.71977071440745,
        "min": 0.0,
        "max": 79.02918243408203,
        "q25": 20.05488586425781,
        "q50": 20.69590950012207,
        "q75": 21.47429847717285
    },
    "C-4601 Diff. Pressure": {
        "mean": 2.0516299417281942,
        "std": 0.4065203842951589,